;UniqueOPID;LatitudeEpsg4326;LongitudeEpsg4326;Name;OPTafTapCode;Country;ValidityDateStart;ValidityDateEnd;IsCurrentlyValid
1789;ATCCG;46.9375403;15.4680974;Terminal Graz Süd;AT05385;AT;2021-12-22 23:00:00+00:00;2099-12-30 23:00:00+00:00;Valid
1732;ATCCGüber;46.9453;15.4739;Übergabebahnhof CCG;AT05385;AT;2021-12-22 23:00:00+00:00;2099-12-30 23:00:00+00:00;Valid
760;ATDlrABWCT;48.1825434;16.46577;Wien Freudenau Hafen – WienCont Container Terminal;AT05178;AT;2021-12-22 23:00:00+00:00;2099-12-30 23:00:00+00:00;Valid
42773;CH00229;47.1955;7.6647;Inkwil;CH00229;CH;2014-09-02 22:00:00+00:00;;Valid
4417;CH02307;47.3406;8.4646;Filderen (Agl);CH02307;CH;2019-12-05 23:00:00+00:00;;Valid
4551;CH03131;47.3248;8.8343;Ettenhausen-Emmetschloo;CH03131;CH;2014-09-02 22:00:00+00:00;;Valid
4553;CH03132;47.3373;8.8522;Bäretswil;CH03132;CH;2014-09-02 22:00:00+00:00;;Valid
4549;CH03133;47.3579;8.8644;Neuthal;CH03133;CH;2008-12-31 23:00:00+00:00;;Valid
4552;CH03336;47.3349;8.8446;Bäretswil Tobel (Agl);CH03336;CH;2014-09-02 22:00:00+00:00;;Valid
4638;CH03461;47.7455;8.7044;Thayngen;CH03461;CH;2008-12-31 23:00:00+00:00;;Valid
4637;CH03462;47.7172;8.6646;Herblingen;CH03462;CH;2008-12-31 23:00:00+00:00;;Valid
4371;CH03541;47.5608;8.252;Beznau (Agl);CH03541;CH;2019-12-05 23:00:00+00:00;;Valid
42604;CH05240;46.5682;8.5984;Gottardo Sud (c bin);CH05240;CH;2014-09-02 22:00:00+00:00;;Valid
4115;CH05403;46.1729;8.8987;Riazzino-Cugnasco;CH05403;CH;2019-12-05 23:00:00+00:00;;Valid
42774;CH06345;47.4597;9.4041;Engwil (Verzw);CH06345;CH;2014-09-02 22:00:00+00:00;;Valid
4666;CH15442;47.7456;8.7273;Eulach Landesgrenze;CH15442;CH;2008-12-31 23:00:00+00:00;;Valid
4908;CH15452;47.1645;9.4907;Landesgrenze CH-Liechtenstein;CH15452;CH;2019-12-05 23:00:00+00:00;;Valid
4921;CH15472;47.4478;9.658;St. Margrethen Landesgrenze;CH15472;CH;2019-12-05 23:00:00+00:00;;Valid
3290;CH15644;46.9471;7.4106;Bern Steigerhubel (Abzw);CH15644;CH;2019-12-05 23:00:00+00:00;;Valid
42775;CH16282;46.1859;6.1249;Lancy-Pont-Rouge (CEVA);CH16282;CH;2014-09-02 22:00:00+00:00;;Valid
4124;CH16355;45.8385;8.913;Gaggiolo Confine;CH16355;CH;2017-12-09 23:00:00+00:00;;Valid
4741;CH18875;47.5224;8.7725;Oberwinterthur SA Pünten;CH18875;CH;2019-12-05 23:00:00+00:00;;Valid
8881;CZ33093;49.62881;17.27977;AHr Hlusovice;CZ33093;CZ;2019-04-30 22:00:00+00:00;2050-12-30 23:00:00+00:00;Valid
5831;CZ50015;50.66465;13.82137;hi vl. v km 34,855;CZ50015;CZ;2012-06-09 22:00:00+00:00;2050-12-30 23:00:00+00:00;Valid
6163;CZ53547;50.40042;13.26872;vl. v km 30,358;CZ53547;CZ;2012-12-08 23:00:00+00:00;2050-12-30 23:00:00+00:00;Valid
7886;CZ53853;49.99746;16.33251;Bezpravi z;CZ53853;CZ;2012-06-09 22:00:00+00:00;2050-12-30 23:00:00+00:00;Valid
8260;CZ54020;50.28448;16.12151;Dobruska-Pulice z;CZ54020;CZ;2012-12-08 23:00:00+00:00;2050-12-30 23:00:00+00:00;Valid
7274;CZ54348;50.3374;14.37867;vl. v km 1,710;CZ54348;CZ;2012-12-08 23:00:00+00:00;2050-12-30 23:00:00+00:00;Valid
6267;CZ54463;50.66402;13.82121;vl. v km 34,855;CZ54463;CZ;2012-12-08 23:00:00+00:00;2050-12-30 23:00:00+00:00;Valid
7589;CZ54627;50.2393;14.5462;vl. v km 11,403;CZ54627;CZ;2014-12-13 23:00:00+00:00;2050-12-30 23:00:00+00:00;Valid
7806;CZ55080;50.73152;15.19043;vl. v km 16,336;CZ55080;CZ;2012-06-09 22:00:00+00:00;2050-12-30 23:00:00+00:00;Valid
7397;CZ56019;50.76672;14.21458;Decin-Stare Mesto z;CZ56019;CZ;2012-06-09 22:00:00+00:00;2050-12-30 23:00:00+00:00;Valid
7391;CZ56039;50.75714;14.2041;Kresice u Decina z;CZ56039;CZ;2012-06-09 22:00:00+00:00;2050-12-30 23:00:00+00:00;Valid
6940;CZ56067;49.7929;14.97234;vl. v km 11,842;CZ56067;CZ;2012-12-08 23:00:00+00:00;2050-12-30 23:00:00+00:00;Valid
5768;CZ56137;49.74659;15.08816;vl. v km 11,583;CZ56137;CZ;2012-12-08 23:00:00+00:00;2050-12-30 23:00:00+00:00;Valid
5767;CZ56138;49.74105;15.08659;Vlecka Sazavan;CZ56138;CZ;2012-12-08 23:00:00+00:00;2050-12-30 23:00:00+00:00;Valid
7516;CZ56629;50.99034;14.47512;Sluknov udoli z;CZ56629;CZ;2012-06-09 22:00:00+00:00;2050-12-30 23:00:00+00:00;Valid
6237;CZ57142;50.5786;13.7868;km 30,500 +0,042;CZ57142;CZ;2020-12-12 23:00:00+00:00;2050-12-30 23:00:00+00:00;Valid
7419;CZ57317;50.1095;14.54896;AHr Km 9,932;CZ57317;CZ;2012-12-08 23:00:00+00:00;2050-12-30 23:00:00+00:00;Valid
7430;CZ57318;50.11263;14.50617;AHr Hloubetin;CZ57318;CZ;2020-12-12 23:00:00+00:00;2050-12-30 23:00:00+00:00;Valid
7718;CZ58087;50.5858;15.14268;Turnov vyh. c. 1;CZ58087;CZ;2012-12-08 23:00:00+00:00;2050-12-30 23:00:00+00:00;Valid
6255;CZ58349;50.596548;13.777837;Vyh Ledvice;CZ58349;CZ;2020-12-12 23:00:00+00:00;2050-12-30 23:00:00+00:00;Valid
7107;CZ73076;49.9386;14.0312;Beroun km 42,709;CZ73076;CZ;2020-12-12 23:00:00+00:00;2050-12-30 23:00:00+00:00;Valid
6703;CZ78030;48.62194;14.26167;vl. v km 18,796;CZ78030;CZ;2014-12-13 23:00:00+00:00;2050-12-30 23:00:00+00:00;Valid
6600;CZ78054;49.16744;13.8936;vl. v km 11,276;CZ78054;CZ;2017-02-28 23:00:00+00:00;2050-12-30 23:00:00+00:00;Valid
10060;ES05013;37.175;-4.1495;LOJA - SAN FRANCISCO;;ES;2015-11-18 23:00:00+00:00;;Valid
10058;ES05014;37.1537;-4.2014;RIOFRIO;;ES;2015-11-18 23:00:00+00:00;;Valid
10344;ES11604;43.3489;-1.7884;CAMBIADOR IRUN;;ES;2015-11-18 23:00:00+00:00;;Valid
10465;ES30101;41.0745;-5.6714;VALDUNCIEL;;ES;2015-11-18 23:00:00+00:00;;Valid
12123;ES30216;42.2983;-5.9051;LA BA?EZA;;ES;2015-11-18 23:00:00+00:00;;Valid
12124;ES30219;42.4094;-6.0072;VALDERREY;;ES;2015-11-18 23:00:00+00:00;;Valid
12191;ES31202;42.0233;-6.749;REQUEJO;;ES;2015-11-18 23:00:00+00:00;;Valid
12187;ES31207;42.0626;-7.3333;CASTRELO DO VAL-VERIN-CAMPOBECERROS;;ES;2015-11-18 23:00:00+00:00;;Valid
12204;ES31209;42.1256;-7.5109;A ALBERGUERIA-PRADO;;ES;2015-11-18 23:00:00+00:00;;Valid
12213;ES31212;42.2259;-7.7191;PONTEAMBIA;;ES;2015-11-18 23:00:00+00:00;;Valid
12214;ES31213;42.2564;-7.7531;PADERNE CANTO?A;;ES;2015-11-18 23:00:00+00:00;;Valid
11356;ES35102;39.9721;-4.0233;BARGAS;;ES;2015-11-18 23:00:00+00:00;;Valid
11154;ES50603;37.6494;-5.54776;CANTERA LOS LLANOS (CGD);;ES;2015-11-18 23:00:00+00:00;;Valid
12259;ES51007;37.31203;-5.96914;SEAT;;ES;2016-04-11 22:00:00+00:00;;Valid
12267;ES62105;38.3377;-0.4939;ALACANT-BENALUA;;ES;2015-11-18 23:00:00+00:00;;Valid
12268;ES62107;38.33062;-0.50729;ALACANT-PORT;;ES;2015-11-18 23:00:00+00:00;;Valid
10581;ES70114;40.46438;-3.43961;SOTO DEL HENARES;;ES;2015-11-18 23:00:00+00:00;;Valid
12207;ESB3020;41.51309;-5.74643;BIF. EL BOLON;;ES;2016-04-11 22:00:00+00:00;;Valid
21726;EU00140;46.051295;6.947907;Frontière FR-CH (Le Châtelard-Frontière - Vallorcine);;FR;1799-12-31 23:00:00+00:00;;Valid
16335;FR0000000207;48.9904377;1.6973451;Bif Piquettes CN (Côté Caen);FR02657;FR;1799-12-31 23:00:00+00:00;;Valid
22340;FR0000000316;48.8950331;2.3186259;Fin de ligne exploitée;;FR;1799-12-31 23:00:00+00:00;;Valid
13028;FR0000000364;48.8895681;2.3665924;Bif 001000/001379;;FR;1799-12-31 23:00:00+00:00;;Valid
19684;FR0000000412;48.2708472;2.3920185;Bif 683000/745000;;FR;1799-12-31 23:00:00+00:00;;Valid
22324;FR0000000422;48.8966662;2.37786;Bif 955000/955306;;FR;1799-12-31 23:00:00+00:00;;Valid
17666;FR0000000654;48.4588851;1.7706471;Bif 554000/555000;;FR;1799-12-31 23:00:00+00:00;;Valid
16191;FR0000000881;48.9863967;1.8938057;Bif 340000/340606;FR02824;FR;1799-12-31 23:00:00+00:00;;Valid
20648;FR0000000922;43.4206493;3.7351003;Bif 811000/810000/811500;;FR;1799-12-31 23:00:00+00:00;;Valid
18155;FR0000000975;44.8721456;-0.6065158;Bif 586000/587300 (Bonnaous);;FR;1799-12-31 23:00:00+00:00;;Valid
50675;FR0000001043;46.160694;-1.1966273;Bif 539000/539610;;FR;1799-12-31 23:00:00+00:00;;Valid
22327;FR0000001122;48.8816215;2.3859367;Bif 955000/954306;;FR;1799-12-31 23:00:00+00:00;;Valid
21291;FR0000001164;47.4492388;5.5603486;Bif 838000/851000;;FR;1799-12-31 23:00:00+00:00;;Valid
13903;FR0000001288;49.0880192;4.9218222;Bif 095000/093300;;FR;1799-12-31 23:00:00+00:00;;Valid
17255;FR0000001324;47.2191344;-1.5319006;Jct 515000/519000;;FR;1799-12-31 23:00:00+00:00;;Valid
50686;FR0000001379;50.4669046;2.5952304;Bif 309000/309606;;FR;1799-12-31 23:00:00+00:00;;Valid
50690;FR0000001483;46.160689;-1.1966782;Bif 539000/539614;;FR;1799-12-31 23:00:00+00:00;;Valid
22325;FR0000001525;48.8957035;2.3282202;Bif 955000/961300;;FR;1799-12-31 23:00:00+00:00;;Valid
13040;FR0000001552;48.8857735;2.4781482;Bif 001000/990000;FR00085;FR;1799-12-31 23:00:00+00:00;;Valid
50693;FR0000001612;46.1611058;-1.1924806;Bif 539000/539606;;FR;1799-12-31 23:00:00+00:00;;Valid
18432;FR0000001623;45.6671395;0.3141566;Bif 617000/610000;;FR;1799-12-31 23:00:00+00:00;;Valid
22323;FR0000001737;48.8865736;2.3849828;Bif 955000/954311;;FR;1799-12-31 23:00:00+00:00;;Valid
13880;FR0000001996;49.0839515;4.8936006;Bif 085000/092300;;FR;1799-12-31 23:00:00+00:00;;Valid
15055;FR0000002114;49.7387294;3.0818998;Bif 261000/261611;;FR;1799-12-31 23:00:00+00:00;;Valid
21691;FR0000002130;45.9262481;6.7198773;Chedde;FR07068;FR;1799-12-31 23:00:00+00:00;;Valid
19528;FR0000002155;45.1090461;2.8695669;Murat;FR05586;FR;1799-12-31 23:00:00+00:00;;Valid
18435;FR0000002259;45.8724931;0.7168522;Chabanais;FR05006;FR;1799-12-31 23:00:00+00:00;;Valid
19059;FR0000002398;42.5010367;2.1368595;Planès;FR07949;FR;1799-12-31 23:00:00+00:00;;Valid
21700;FR0000002431;45.9506348;6.8990336;Les Tines;FR07079;FR;1799-12-31 23:00:00+00:00;;Valid
19052;FR0000002438;42.4412991;2.0105891;Ste-Léocadie;FR07956;FR;1799-12-31 23:00:00+00:00;;Valid
19046;FR0000002573;42.4912281;2.0383503;Font-Romeu-Odeillo-Via;FR07952;FR;1799-12-31 23:00:00+00:00;;Valid
19040;FR0000002610;42.5138078;2.1885204;Fontpédrouse-St-Thomas-les-Bains;FR07947;FR;1799-12-31 23:00:00+00:00;;Valid
19048;FR0000002624;42.4632363;2.0179347;Estavar;FR07953;FR;1799-12-31 23:00:00+00:00;;Valid
19521;FR0000002658;45.0905117;2.7534912;Le Lioran;FR05585;FR;1799-12-31 23:00:00+00:00;;Valid
19057;FR0000002681;42.4580681;1.916903;Béna-Fanes;FR07960;FR;1799-12-31 23:00:00+00:00;;Valid
19045;FR0000002710;42.4983327;2.0848529;Bolquère-Eyne;FR07951;FR;1799-12-31 23:00:00+00:00;;Valid
19049;FR0000002721;42.4568146;2.0322363;Saillagouse;FR07954;FR;1799-12-31 23:00:00+00:00;;Valid
18374;FR0000002794;47.3885503;1.9222879;Selles-St-Denis;FR04599;FR;1799-12-31 23:00:00+00:00;;Valid
18364;FR0000002919;47.3556046;1.738949;Romorantin (Voie étroite);FR04593;FR;1799-12-31 23:00:00+00:00;;Valid
19063;FR0000003020;42.4427539;2.0290334;Err;FR07955;FR;1799-12-31 23:00:00+00:00;;Valid
21692;FR0000003057;45.9818871;6.9267428;Argentière;FR07081;FR;1799-12-31 23:00:00+00:00;;Valid
18410;FR0000003107;45.8243728;0.4534429;Chasseneuil-sur-Bonnieure;FR04771;FR;1799-12-31 23:00:00+00:00;;Valid
21705;FR0000003145;45.9245156;6.7635357;Servoz;FR07069;FR;1799-12-31 23:00:00+00:00;;Valid
19066;FR0000003206;42.5020899;2.1131268;Mont-Louis-La Cabanasse;FR07950;FR;1799-12-31 23:00:00+00:00;;Valid
19516;FR0000003232;44.9759294;2.6316496;Vic-sur-Cère;FR05582;FR;1799-12-31 23:00:00+00:00;;Valid
21706;FR0000003302;46.019267;6.9205092;Le Buet;FR07085;FR;1799-12-31 23:00:00+00:00;;Valid
19062;FR0000003320;42.5416514;2.2630368;Nyers;FR07944;FR;1799-12-31 23:00:00+00:00;;Valid
21713;FR0000003413;45.9067966;6.8390907;Les Bossons;FR07074;FR;1799-12-31 23:00:00+00:00;;Valid
21690;FR0000003425;45.9198311;6.8666331;Chamonix-Aiguille du Midi;FR03500;FR;2009-05-31 22:00:00+00:00;;Valid
18367;FR0000003449;47.1630923;1.5582915;Valençay;FR04609;FR;1799-12-31 23:00:00+00:00;;Valid
18418;FR0000003452;45.8863052;0.6669342;Exideuil-sur-Vienne;FR05007;FR;1799-12-31 23:00:00+00:00;;Valid
19039;FR0000003468;42.522924;2.2227165;Thuès;FR07946;FR;1799-12-31 23:00:00+00:00;;Valid
18370;FR0000003483;47.2551212;1.6460277;Chabris;FR04610;FR;1799-12-31 23:00:00+00:00;;Valid
18417;FR0000003532;45.6763434;0.221215;Ruelle;FR04769;FR;1799-12-31 23:00:00+00:00;;Valid
19068;FR0000003638;42.4325103;1.9487127;Bourg-Madame;FR07958;FR;1799-12-31 23:00:00+00:00;;Valid
21698;FR0000003781;45.912562;6.8473771;Les Pélerins;FR07075;FR;1799-12-31 23:00:00+00:00;;Valid
18371;FR0000003827;47.3324218;1.7022982;Les Quatre-Roues;FR04603;FR;1799-12-31 23:00:00+00:00;;Valid
18369;FR0000003839;47.3131307;1.672184;Pruniers;FR04604;FR;1799-12-31 23:00:00+00:00;;Valid
21712;FR0000003843;45.9658175;6.9101499;La Joux;FR07080;FR;1799-12-31 23:00:00+00:00;;Valid
18373;FR0000003892;47.36944;1.7972064;Villeherviers;FR04601;FR;1799-12-31 23:00:00+00:00;;Valid
18368;FR0000003947;47.366929;1.7402214;Faubourg-d'Orléans;FR04602;FR;1799-12-31 23:00:00+00:00;;Valid
18431;FR0000004004;45.7402017;0.3897369;La Rochefoucauld;FR04770;FR;1799-12-31 23:00:00+00:00;;Valid
19043;FR0000004055;42.5289126;2.2490929;Thuès-les-Bains;FR07945;FR;1799-12-31 23:00:00+00:00;;Valid
19053;FR0000004144;42.4199616;1.9770777;Osséja;FR07957;FR;1799-12-31 23:00:00+00:00;;Valid
19051;FR0000004188;42.5615201;2.3110881;Joncet;FR07942;FR;1799-12-31 23:00:00+00:00;;Valid
18372;FR0000004333;47.133056;1.4359521;Luçay-le-Mâle;FR04624;FR;1799-12-31 23:00:00+00:00;;Valid
18421;FR0000004394;45.8893684;0.5789034;Roumazières-Loubert;FR04772;FR;1799-12-31 23:00:00+00:00;;Valid
18365;FR0000004404;47.3835705;1.9582745;La Ferté-Imbault;FR04594;FR;1799-12-31 23:00:00+00:00;;Valid
18375;FR0000004475;47.3902399;1.8343531;Loreux;FR04600;FR;1799-12-31 23:00:00+00:00;;Valid
19050;FR0000004479;42.5669961;2.3231032;Serdinya;FR07941;FR;1799-12-31 23:00:00+00:00;;Valid
21695;FR0000004597;45.9226635;6.8741484;Chamonix-Mont-Blanc;FR07076;FR;1799-12-31 23:00:00+00:00;;Valid
21709;FR0000004631;45.8971207;6.7850366;Viaduc-Ste-Marie;FR07071;FR;1799-12-31 23:00:00+00:00;;Valid
21693;FR0000004643;45.99621;6.9344995;Montroc-le-Planet;FR07082;FR;1799-12-31 23:00:00+00:00;;Valid
21699;FR0000004717;45.9398536;6.8886863;Les Praz-de-Chamonix;FR07078;FR;1799-12-31 23:00:00+00:00;;Valid
19067;FR0000004726;42.5547181;2.2720457;Olette-Canaveilles-les-Bains;FR07943;FR;1799-12-31 23:00:00+00:00;;Valid
21707;FR0000004826;46.0324045;6.9328948;Vallorcine;FR07083;FR;1799-12-31 23:00:00+00:00;;Valid
19056;FR0000004875;42.4574758;1.9404712;Ur-les-Escaldes;FR07959;FR;1799-12-31 23:00:00+00:00;;Valid
21703;FR0000005014;45.8994023;6.8263153;Taconnaz;FR07073;FR;1799-12-31 23:00:00+00:00;;Valid
21702;FR0000005049;45.8936116;6.7968162;Les Houches;FR07072;FR;1799-12-31 23:00:00+00:00;;Valid
18366;FR0000005063;47.214383;1.6145054;Varennes-sur-Fouzon;FR04611;FR;1799-12-31 23:00:00+00:00;;Valid
21696;FR0000005070;45.9162457;6.8573525;Les Moussoux;FR07077;FR;1799-12-31 23:00:00+00:00;;Valid
19058;FR0000005109;42.5063149;2.1598693;Sauto;FR07948;FR;1799-12-31 23:00:00+00:00;;Valid
17322;FR0000005275;47.2367674;-1.4879944;Nantes-Blottereau;;FR;1799-12-31 23:00:00+00:00;;Valid
21087;FR0000005321;44.5638633;4.7462319;ITE;;FR;1799-12-31 23:00:00+00:00;2022-03-12 23:00:00+00:00;Invalid
50730;FR0000005375;43.4326372;4.7796663;Salins du midi;;FR;2004-02-29 23:00:00+00:00;;Valid
18376;FR0000005427;47.3536614;1.7386776;Faisceau Romorantin;;FR;1799-12-31 23:00:00+00:00;;Valid
18974;FR0000005517;43.5055214;-1.485361;Faisceau pair;;FR;1799-12-31 23:00:00+00:00;;Valid
19535;FR0000005540;44.9747831;2.6290066;Faisceau Voie 4 voie de draisine;;FR;1799-12-31 23:00:00+00:00;;Valid
18433;FR0000005609;45.8836707;0.6865771;Sté des Carrières d'Exideuil-sur-Vienne;FR05008;FR;2004-02-29 23:00:00+00:00;;Valid
13006;FR0000005626;48.2273298;4.72137;Finition du siège;FR00292;FR;1799-12-31 23:00:00+00:00;2022-06-30 22:00:00+00:00;Invalid
12960;FR0000005700;48.8945324;2.3695909;Tafanel;;FR;2004-02-29 23:00:00+00:00;;Valid
13376;FR0000005761;48.6139146;6.2690329;Faisceau impair Ville-en-Vermois;;FR;1799-12-31 23:00:00+00:00;;Valid
13375;FR0000005842;48.611527;6.2535931;Faisceau pair Ville-en-Vermois;;FR;1799-12-31 23:00:00+00:00;;Valid
17645;FR0000005908;48.0703941;1.3381807;Embt Sté FOREST;;FR;1799-12-31 23:00:00+00:00;;Valid
18409;FR0000005927;45.8914106;0.5836203;Faisceau impair 3 à 9;;FR;1799-12-31 23:00:00+00:00;;Valid
19523;FR0000005972;45.1086619;2.8654737;Faisceau Pair;;FR;1799-12-31 23:00:00+00:00;;Valid
18278;FR0000005998;45.7940729;1.248671;Km 406,9;;FR;2004-02-29 23:00:00+00:00;;Valid
18414;FR0000006046;45.6770452;0.218589;Embt de la Fonderie de la Marine;;FR;1799-12-31 23:00:00+00:00;;Valid
16065;FR0000006105;48.956747;2.0829306;Parc Equipement;;FR;1799-12-31 23:00:00+00:00;;Valid
17241;FR0000006225;47.2041117;-1.5573286;Faisceau pair;;FR;1799-12-31 23:00:00+00:00;;Valid
17633;FR0000006307;47.6945404;1.0131979;Sté Coopérative de vente du Vendomais;;FR;2004-12-31 23:00:00+00:00;;Valid
17242;FR0000006429;47.2041021;-1.5574394;Cofaz;;FR;1799-12-31 23:00:00+00:00;;Valid
20266;FR0000006518;45.8999042;4.7850806;Faisceau Garage;;FR;1799-12-31 23:00:00+00:00;;Valid
19060;FR0000006527;42.5892532;2.3692575;Faisceau dépot et entretien;;FR;1799-12-31 23:00:00+00:00;;Valid
21701;FR0000006591;45.9231667;6.7649393;Faisceau Impair;;FR;1799-12-31 23:00:00+00:00;;Valid
19832;FR0000006598;46.585575;3.3224198;POTAIN;;FR;1799-12-31 23:00:00+00:00;;Valid
20800;FR0000006630;46.7816113;4.8431711;ET Dijon UPT Châlon-sur-Saône;;FR;1799-12-31 23:00:00+00:00;;Valid
19755;FR0000006679;48.3243478;2.5729923;Coopérative agricole du Gatinais;;FR;1799-12-31 23:00:00+00:00;;Valid
19540;FR0000006707;45.1091504;2.87119;Faisceau Impair;;FR;1799-12-31 23:00:00+00:00;;Valid
21704;FR0000006708;45.9219358;6.8731068;Faisceau pair;;FR;1799-12-31 23:00:00+00:00;;Valid
15873;FR0000006783;49.6562316;1.8240186;Faisceau pair;;FR;1799-12-31 23:00:00+00:00;;Valid
22546;FR0000006806;48.7156766;2.2749606;CURMA;;FR;2004-02-29 23:00:00+00:00;;Valid
19538;FR0000006857;44.9073245;2.4588613;Simvra;FR05556;FR;2004-02-29 23:00:00+00:00;;Valid
18428;FR0000006953;45.6769898;0.2187692;Faisceau pair 6 et 8;;FR;1799-12-31 23:00:00+00:00;;Valid
19694;FR0000007088;48.2698203;2.391926;LOCANER;;FR;1799-12-31 23:00:00+00:00;;Valid
19047;FR0000007103;42.589837;2.3694174;Faisceau pair 4 et 6;;FR;1799-12-31 23:00:00+00:00;;Valid
18994;FR0000007115;44.7708448;-0.7016718;SODIMO;;FR;1799-12-31 23:00:00+00:00;;Valid
21697;FR0000007286;45.9066248;6.701263;EMF Mont-Blanc  (St Gervais);;FR;1799-12-31 23:00:00+00:00;;Valid
17632;FR0000007418;47.6923325;1.0112549;Ets Lesgourgues Cargill;;FR;2004-12-31 23:00:00+00:00;;Valid
14394;FR0000007444;49.2153676;6.6254261;Faisceau Hargarten-Falck Pair V4 à V42;;FR;1799-12-31 23:00:00+00:00;;Valid
13039;FR0000007456;48.2267562;4.3301942;Faisceau Pair;;FR;1799-12-31 23:00:00+00:00;2022-06-30 22:00:00+00:00;Invalid
17240;FR0000007502;47.2035485;-1.5593648;Sté Pazanne;;FR;1799-12-31 23:00:00+00:00;;Valid
21710;FR0000007786;45.9269103;6.7222097;Faisceau Pair;;FR;1799-12-31 23:00:00+00:00;;Valid
13730;FR0000007875;48.7440825;7.3575819;Kuhn Frères et Cie;;FR;2004-02-29 23:00:00+00:00;;Valid
13378;FR0000007884;48.6047;6.173829;ZI Ludres;FR00419;FR;1799-12-31 23:00:00+00:00;;Valid
21982;FR0000007939;45.2595134;5.4752937;ITE BALTHAZARD;;FR;1799-12-31 23:00:00+00:00;;Valid
17634;FR0000007943;47.6956143;1.0141516;Coopérative des Agriculteurs du Loir-et-Cher;;FR;2004-12-31 23:00:00+00:00;;Valid
19793;FR0000008170;48.1784458;2.740072;Faisceau Impair;;FR;1799-12-31 23:00:00+00:00;;Valid
17665;FR0000008223;48.4599925;1.7670259;Embt coop agricole du syndicat du Dunois;;FR;1799-12-31 23:00:00+00:00;;Valid
12980;FR0000008264;48.895442;2.3710283;Faisceau Impair 2 La villette;;FR;1799-12-31 23:00:00+00:00;;Valid
16207;FR0000008306;48.9923433;1.695375;Dépôt;;FR;1799-12-31 23:00:00+00:00;;Valid
16668;FR0000008361;48.4967944;-4.0757798;Faisceau Pair;;FR;1799-12-31 23:00:00+00:00;;Valid
19042;FR0000008370;42.4567951;1.9083442;Faisceau V19;;FR;1799-12-31 23:00:00+00:00;;Valid
21005;FR0000008442;44.1358309;4.8262569;Faisceau pair Orange;FR07630;FR;1799-12-31 23:00:00+00:00;;Valid
50888;FR0000008534;50.8322525;1.7566878;Sté des calcaires Magnésiens;;FR;1799-12-31 23:00:00+00:00;;Valid
20264;FR0000008598;45.9001273;4.7856533;Km 494,9;;FR;2004-02-29 23:00:00+00:00;;Valid
19758;FR0000008912;48.3100925;2.5370881;GRES et SABLES INDUSTRIELS;FR05959;FR;1799-12-31 23:00:00+00:00;;Valid
16799;FR0000009019;48.81399;2.2724137;Faisceau Impair;;FR;1799-12-31 23:00:00+00:00;;Valid
21960;FR0000009156;43.49848;5.3622258;Faisceau pair;;FR;1799-12-31 23:00:00+00:00;;Valid
13305;FR0000009168;48.5284333;5.1086427;Faisceau Pair;;FR;1799-12-31 23:00:00+00:00;;Valid
19044;FR0000009199;42.4318747;1.9498957;Faisceau V3;;FR;1799-12-31 23:00:00+00:00;;Valid
21040;FR0000009489;44.1422806;4.8134469;Faisceau Impair;;FR;1799-12-31 23:00:00+00:00;;Valid
16364;FR0000009490;48.9878846;1.7067532;Impasse;;FR;1799-12-31 23:00:00+00:00;;Valid
16241;FR0000009501;49.4962184;0.1403812;Faisceau V33 a V69;;FR;1799-12-31 23:00:00+00:00;;Valid
13381;FR0000009557;48.6171615;6.2801632;Entreprise Pétrolière de Nancy;;FR;2004-02-29 23:00:00+00:00;;Valid
19064;FR0000009573;42.5020473;2.1147714;Faisceau pair 4 et 6;;FR;1799-12-31 23:00:00+00:00;;Valid
13902;FR0000009668;49.0897498;4.9088708;Faisceau pair;;FR;1799-12-31 23:00:00+00:00;;Valid
22326;FR0000009698;48.8408319;2.4079357;Fin de ligne exploitée;;FR;2010-12-31 23:00:00+00:00;;Valid
17667;FR0000009728;48.4601162;1.7664765;Fin de ligne exploitée;;FR;1975-01-31 23:00:00+00:00;;Valid
22312;FR0000009754;43.46362;5.626643;Fin de ligne exploitée;;FR;2008-12-31 23:00:00+00:00;;Valid
20060;FR0000009784;47.2611814;3.3914208;Fin de ligne exploitée;;FR;2003-01-31 23:00:00+00:00;;Valid
13760;FR0000009813;48.8720897;2.5988912;Accès à Dépôt Vaires;;FR;1799-12-31 23:00:00+00:00;;Valid
17338;FR0000009860;47.2225118;-1.5148476;Accès à Nantes-Blottereau;;FR;1799-12-31 23:00:00+00:00;;Valid
15729;FR0000010148;50.8510911;1.8109342;Accès à Faisceau Pair de Caffier V4 à V10;;FR;1799-12-31 23:00:00+00:00;;Valid
18411;FR0000010326;45.885065;0.6846966;Accès à Sté des Carrières d'Exideuil-sur-Vienne;FR05008;FR;2004-02-29 23:00:00+00:00;;Valid
13380;FR0000010650;48.6138353;6.2685752;Accès à Faisceau pair Ville-en-Vermois;;FR;1799-12-31 23:00:00+00:00;;Valid
21387;FR0000010675;47.3061722;5.0307889;Accès à UPM Perrigny (Technicentre BFC);;FR;1799-12-31 23:00:00+00:00;;Valid
22548;FR0000010686;48.795893;2.1053442;Accès à Faisceau voies de réception + 1er Groupe;;FR;1799-12-31 23:00:00+00:00;;Valid
18408;FR0000010765;45.8854773;0.5739623;Accès à Faisceau impair 3 à 9;;FR;1799-12-31 23:00:00+00:00;;Valid
19526;FR0000010822;45.1089895;2.8688104;Accès à Faisceau Pair;;FR;1799-12-31 23:00:00+00:00;;Valid
16382;FR0000010937;48.9902885;1.6959646;Accès à Faisceau Mantes-la-Jolie Voies Marchandises;;FR;1799-12-31 23:00:00+00:00;;Valid
15725;FR0000010959;50.9471479;1.8397931;Accès à Faisceau Voyageurs;FR02373;FR;1799-12-31 23:00:00+00:00;;Valid
15275;FR0000011034;50.3453684;3.0514257;Accès à Faisceau Garages Pairs;;FR;1799-12-31 23:00:00+00:00;;Valid
15246;FR0000011105;50.3707841;3.0905189;Accès à Faisceau Cour Sud;;FR;1799-12-31 23:00:00+00:00;;Valid
22547;FR0000011967;48.7222203;2.2729458;Accès à CURMA;;FR;2004-02-29 23:00:00+00:00;;Valid
15721;FR0000011973;50.9334849;1.8472219;Accès à ET Littoral UPT Fréthun (Calais);;FR;1799-12-31 23:00:00+00:00;;Valid
13858;FR0000012137;49.5333275;3.8506404;Accès à Faisceau Administration militaire (Sissonne);;FR;1799-12-31 23:00:00+00:00;;Valid
21292;FR0000013304;47.4502328;5.5698309;Accès à Giroux;;FR;1799-12-31 23:00:00+00:00;;Valid
13377;FR0000013437;48.6047012;6.1870693;Accès à ZI Ludres;;FR;1799-12-31 23:00:00+00:00;;Valid
17381;FR0000013859;47.3704622;-0.7001372;Accès à Faisceau Impair Equipement;;FR;1799-12-31 23:00:00+00:00;;Valid
17668;FR0000013882;48.4582185;1.7727885;Accès à Embt coop agricole du syndicat du Dunois;;FR;1799-12-31 23:00:00+00:00;;Valid
15714;FR0000013944;50.9319894;1.8453584;Accès à Faisceau Local;;FR;1799-12-31 23:00:00+00:00;;Valid
16304;FR0000013998;48.990183;1.7010327;Accès à Dépôt;;FR;1799-12-31 23:00:00+00:00;;Valid
16669;FR0000014071;48.4963212;-4.0786571;Accès à Faisceau Pair;;FR;1799-12-31 23:00:00+00:00;;Valid
19803;FR0000014202;48.1784905;2.7400017;Accès à Faisceau Pair;;FR;1799-12-31 23:00:00+00:00;;Valid
21293;FR0000014559;47.4501123;5.5691389;Accès à Faisceau Impair;;FR;1799-12-31 23:00:00+00:00;;Valid
19061;FR0000015189;42.432779;1.9482139;Accès à Faisceau V3;;FR;1799-12-31 23:00:00+00:00;;Valid
18109;FR0000015332;45.6868259;-0.3186365;Accès à Faisceau Pair;;FR;2004-04-29 22:00:00+00:00;;Valid
13373;FR0000015662;48.6182463;6.2846384;Accès à Entreprise Pétrolière de Nancy;FR00378;FR;2004-02-29 23:00:00+00:00;;Valid
19065;FR0000015686;42.5020526;2.1122877;Accès à Faisceau pair 4 et 6;;FR;1799-12-31 23:00:00+00:00;;Valid
22093;FR0000015856;43.5287672;5.2373772;Embt SIF;;FR;1799-12-31 23:00:00+00:00;;Valid
17663;FR0000015967;48.444948;1.7790662;Fin de ligne;;FR;1799-12-31 23:00:00+00:00;;Valid
22468;FR0000015969;48.8750174;2.3263647;Fin de ligne;;FR;1998-12-31 23:00:00+00:00;2022-05-28 22:00:00+00:00;Invalid
21708;FR0000015978;45.9064407;6.7006135;Fin de ligne;;FR;1799-12-31 23:00:00+00:00;;Valid
43220;FR0000016025;50.6363736;3.0707366;Fin de ligne;;FR;1799-12-31 23:00:00+00:00;;Valid
19054;FR0000016036;42.5933548;2.3705437;Fin de ligne;;FR;1799-12-31 23:00:00+00:00;;Valid
51025;FR0000016073;48.9831868;1.8830049;Fin de ligne;FR02827;FR;1799-12-31 23:00:00+00:00;;Valid
43227;FR0000016163;50.636034;3.0710542;Fin de ligne;;FR;1799-12-31 23:00:00+00:00;;Valid
50928;FR0000016181;50.4704344;2.5987185;Fin de ligne;;FR;1799-12-31 23:00:00+00:00;;Valid
15717;FR0000016200;50.9610478;1.8630648;Fin de ligne;;FR;1799-12-31 23:00:00+00:00;;Valid
43225;FR0000016221;47.4250095;2.0483407;Fin de ligne;;FR;1799-12-31 23:00:00+00:00;;Valid
19759;FR0000016334;48.3261858;2.5824178;Fin de ligne exploitée;;FR;2012-02-19 23:00:00+00:00;;Valid
14409;FR0000016368;49.219412;6.6359987;Fin de ligne exploitée;;FR;2017-04-30 22:00:00+00:00;;Valid
21711;FR0000016430;45.9087997;6.7726803;Vaudagne;FR07070;FR;1799-12-31 23:00:00+00:00;;Valid
21694;FR0000016537;45.9069132;6.7019249;Voie métrique;;FR;2017-08-31 22:00:00+00:00;;Valid
19697;FR0000016547;48.2639794;2.394192;Fin de ligne exploitée;;FR;2018-02-27 23:00:00+00:00;;Valid
16068;FR0000016601;48.9559234;2.0832925;Bif des Ambassadeurs;;FR;2018-03-23 23:00:00+00:00;;Valid
50944;FR0000016675;43.42879;4.7796909;Accès à Salins du midi;;FR;2004-02-29 23:00:00+00:00;;Valid
50947;FR0000022832;47.3201282;1.6818497;Base Aérienne;FR08739;FR;2018-12-08 23:00:00+00:00;;Valid
15348;FR0000022904;48.9023517;2.3539852;Ex EMT de La Plaine;;FR;1799-12-31 23:00:00+00:00;;Valid
43246;FR0000022980;43.7748811;7.493457;Accès à Faisceau impair;;FR;1799-12-31 23:00:00+00:00;;Valid
50963;FR0000023002;47.2126743;5.3103336;EP SMS;;FR;2017-08-31 22:00:00+00:00;;Valid
50965;FR0000023004;47.2126743;5.3103336;Embranchement résilié;;FR;2017-08-31 22:00:00+00:00;;Valid
50966;FR0000023005;47.2126743;5.3103336;ITE;;FR;2017-08-31 22:00:00+00:00;;Valid
50969;FR0000023008;47.2126743;5.3103336;SERNAM;;FR;2017-08-31 22:00:00+00:00;;Valid
43281;FR9900000401;45.9237482;6.8751345;Accès à Faisceau pair;;FR;1799-12-31 23:00:00+00:00;;Valid
15657;FR9900001040;48.0592972;4.3887872;Fin de ligne exploitée;;FR;2002-12-31 23:00:00+00:00;;Valid
21976;FR9900001043;47.1310278;1.434046;Fin de ligne exploitée;;FR;1998-11-30 23:00:00+00:00;;Valid
18113;FR9900001117;49.1045186;4.9971495;Fin de ligne exploitée;;FR;2017-04-27 22:00:00+00:00;;Valid
13242;FR9900001192;49.1948762;6.6733282;Faisceau Pair Creutzwald V4;;FR;1799-12-31 23:00:00+00:00;;Valid
42055;FR9900001436;45.6592641;-0.2506374;Gensac-la-Pallue;FR04073;FR;1799-12-31 23:00:00+00:00;;Valid
43351;FR9900001451;48.2879542;2.4809883;Herbeauvilliers;;FR;1799-12-31 23:00:00+00:00;;Valid
43369;FR9900002061;48.2817278;2.397338;Technical change;;FR;;;Invalid
43373;FR9900002076;47.9145389;1.9118745;Technical change;;FR;;;Invalid
43401;FR9900002083;48.7394117;2.7323467;Technical change;;FR;;;Invalid
43382;FR9900002096;48.5738119;7.7931767;Technical change;;FR;;;Invalid
43417;FR9900002123;48.8975088;2.3707292;Technical change;;FR;;;Invalid
43424;FR9900002138;48.7590102;7.1370567;Technical change;;FR;;;Invalid
51047;FR9900003064;47.3372948;5.0590316;ZI de DIJON NORD;;FR;1799-12-31 23:00:00+00:00;;Valid
51066;FR9900003124;46.1599434;-1.2060343;La Rochelle-Pallice;FR03881;FR;1799-12-31 23:00:00+00:00;;Valid
51093;FR9900003325;48.9764706;1.8622035;Accès à RNUR Accès Ouest;;FR;2004-02-29 23:00:00+00:00;;Valid
51187;FR9900003541;47.2126743;5.3103336;Embt S/STA.SES;;FR;2017-08-31 22:00:00+00:00;;Valid
51190;FR9900003544;47.2126743;5.3103336;SOMEREM;;FR;2017-08-31 22:00:00+00:00;;Valid
51192;FR9900003546;47.2126743;5.3103336;Embt Résilié;;FR;2017-08-31 22:00:00+00:00;;Valid
51194;FR9900003548;47.2126743;5.3103336;GENESTIER;;FR;2017-08-31 22:00:00+00:00;;Valid
51196;FR9900003550;47.2126743;5.3103336;GEI Framatome COPAL;;FR;2017-08-31 22:00:00+00:00;;Valid
51200;FR9900003554;47.2126743;5.3103336;67 à 74 Chantier de Conditionnement;;FR;2017-08-31 22:00:00+00:00;;Valid
51201;FR9900003555;47.2126743;5.3103336;Embt Thevenin-Ducrot;;FR;2017-08-31 22:00:00+00:00;;Valid
51202;FR9900003556;47.2126743;5.3103336;Embranchement résilié;;FR;2017-08-31 22:00:00+00:00;;Valid
51254;FR9900003611;45.5102032;4.2807963;Technical change;;FR;;;Invalid
51269;FR9900003630;49.0018844;7.035623;Technical change;;FR;;;Invalid
51284;FR9900003649;48.7168179;2.4304589;Technical change;;FR;;;Invalid
51285;FR9900003650;48.7129195;2.4226035;Technical change;;FR;;;Invalid
51301;FR9900003667;48.79598;2.10223;Technical change;;FR;;;Invalid
51313;FR9900003710;48.971552;1.7392459;Accès à Desserte par train terminus-origine;;FR;2004-02-29 23:00:00+00:00;;Valid
51314;FR9900003715;45.5434389;5.5250677;Accès à Faisceau Impair;;FR;1799-12-31 23:00:00+00:00;;Valid
51316;FR9900003724;48.9592873;2.1127257;Accès à Achères (ex Triage);FR02799;FR;1799-12-31 23:00:00+00:00;;Valid
51318;FR9900003727;44.9155517;4.8890186;Accès à Faisceau Pair V4 à V34;;FR;1799-12-31 23:00:00+00:00;;Valid
51319;FR9900003728;44.5618935;4.7455748;Accès à Faisceau Impair;;FR;1799-12-31 23:00:00+00:00;;Valid
51320;FR9900003730;47.2198623;-1.5286576;Accès à UPM Nantes (Technicentre PDL);;FR;1799-12-31 23:00:00+00:00;;Valid
51321;FR9900003732;48.7163832;2.4306886;Accès à Faisceau V6S-V8S;;FR;1799-12-31 23:00:00+00:00;;Valid
51337;FR9900003759;47.4763387;-0.5087684;Bif 450611/450615;;FR;1799-12-31 23:00:00+00:00;;Valid
51339;FR9900003761;48.3686088;5.6929858;notAvailableName;;FR;2017-11-29 23:00:00+00:00;;Valid
51348;FR9900003776;47.63884;0.163228;Fin de ligne exploitée;;FR;1991-12-24 23:00:00+00:00;;Valid
51356;FR9900003790;44.0909053;4.6846854;Fin de ligne exploitée;;FR;2009-12-31 23:00:00+00:00;;Valid
51357;FR9900003791;46.869355;5.1601844;Fin de ligne exploitée;;FR;1973-06-30 22:00:00+00:00;;Valid
51376;FR9900003819;47.831529;5.779809;Faisceau impair 3;;FR;2017-08-31 22:00:00+00:00;;Valid
51380;FR9900003823;48.7229903;2.4417749;Faisceau V10N-V12N;;FR;2021-07-27 22:00:00+00:00;;Valid
51419;FR9900003862;43.0745774;0.5836362;Technical change;;FR;;;Invalid
51420;FR9900003863;46.4470106;4.1135067;Technical change;;FR;;;Invalid
51424;FR9900003867;43.9380532;4.5739635;Technical change;;FR;;;Invalid
51427;FR9900003870;48.5179353;1.6849749;Technical change;;FR;;;Invalid
51428;FR9900003871;48.4998335;1.6114671;Technical change;;FR;;;Invalid
51429;FR9900003872;49.3644988;4.1783047;Technical change;;FR;;;Invalid
51430;FR9900003874;50.2714647;3.9754374;Technical change;;FR;;;Invalid
51431;FR9900003875;43.8302194;5.0456372;Technical change;;FR;;;Invalid
51432;FR9900003876;48.7354401;2.2760725;Technical change;;FR;;;Invalid
51433;FR9900003877;48.4958453;-2.7857128;Technical change;;FR;;;Invalid
51434;FR9900003878;48.2614945;7.4431937;Technical change;;FR;;;Invalid
51435;FR9900003879;49.6012463;1.1088954;Technical change;;FR;;;Invalid
51436;FR9900003880;49.6325076;1.0473875;Technical change;;FR;;;Invalid
51437;FR9900003881;49.3463954;2.7369971;Technical change;;FR;;;Invalid
51438;FR9900003882;50.276742;2.7478952;Technical change;;FR;;;Invalid
51439;FR9900003883;50.3756071;2.3528527;Technical change;;FR;;;Invalid
51440;FR9900003884;44.7365699;3.8506586;Technical change;;FR;;;Invalid
51441;FR9900003886;46.8338457;0.096425;Technical change;;FR;;;Invalid
51442;FR9900003887;48.7963704;2.0882005;Technical change;;FR;;;Invalid
51443;FR9900003888;48.9060059;2.0730203;Technical change;;FR;;;Invalid
51444;FR9900003889;48.9085802;2.0731325;Technical change;;FR;;;Invalid
16411;FRZZY0000020;49.4208;0.2675;Limite SNCF-RESEAU - GPM Rouen;;FR;1899-12-31 23:00:00+00:00;2100-12-30 23:00:00+00:00;Valid
16412;FRZZZ0000014;49.426;0.24;GPM ROUEN Honfleur;;FR;1899-12-31 23:00:00+00:00;2100-12-30 23:00:00+00:00;Valid
22412;FRZZZ0000030;48.9366;2.2664;Port de Gennevilliers;;FR;1899-12-31 23:00:00+00:00;2100-12-30 23:00:00+00:00;Valid
27470;IT00047;45.0230099;7.6576435;DEV. ESTR. TO L. LATO MONCALIERI;IT00047;IT;;;Invalid
26462;IT01813;45.5328104;10.2101713;BRESCIA EST PIAZZALE SUD;IT01813;IT;;;Invalid
27439;IT04528;44.2756314;8.4389489;VADO LIGURE ZONA INDUSTRIALE;IT04528;IT;;;Invalid
27150;IT06933;43.5241159;11.6578487;PC ASCIONE;IT06933;IT;;;Invalid
27136;IT06934;43.5953998;11.5084005;PC RENACCI;IT06934;IT;;;Invalid
41922;IT07116;43.619437;13.5090989;ANCONA MARITTIMA;IT07116;IT;;;Invalid
27249;IT07220;42.7901525;12.7554449;S.GIACOMO DI SPOLETO;IT07220;IT;;;Invalid
25524;IT11500;41.0745354;16.7749263;MODUGNO;IT11500;IT;;;Invalid
25531;IT11513;41.1055328;16.8306854;BARI S.ANDREA;IT11513;IT;;;Invalid
25525;IT11515;41.0862675;16.7793191;MODUGNO CITTA';IT11515;IT;;;Invalid
31527;PL00876;53.924533;18.579929;Jabłowo;PL00876;PL;1992-12-31 23:00:00+00:00;;Valid
30564;PL07046;50.344882;18.768733;Zabrze Mikulczyce;PL07046;PL;2013-03-31 22:00:00+00:00;;Valid
29834;PL09376;50.869352;20.388738;Rykoszyn GT;PL09376;PL;;;Invalid
31815;PL50129;50.639475;17.951574;Opole Groszowice OGB;PL50129;PL;;;Invalid
29151;PL50249;52.299142;21.009927;Warszawa Praga WPT D;PL50249;PL;;;Invalid
30968;PL50301;50.279874;18.875954;L187 km:4,2 KWK POKÓJ - PLK;PL50301;PL;;;Invalid
31031;PL50303;50.278787;18.739912;L200 km:6,469 PLK - KWK Sośnica-M.;PL50303;PL;;;Invalid
31561;PL50308;54.077538;21.419451;L259 km:2,513 PLK - SKPL;PL50308;PL;;;Invalid
43483;PL50311;52.033969;15.603237;L393 km:2,51 PLK - Katowicki Węgiel;PL50311;PL;;;Invalid
32595;PL50313;53.561325;14.525706;L431 km:3,906 PLK - Z-dy Ch. POLICE;PL50313;PL;;;Invalid
32611;PL50314;52.256231;21.08201;L452 km:6,449 PLK - PKP Intercity;PL50314;PL;;;Invalid
32626;PL50315;52.256244;21.086524;L545 km:2,234 PLK - PKP Intercity;PL50315;PL;;;Invalid
32646;PL50317;50.269826;19.077999;L678 km:1,728 Infra Silesia - PLK;PL50317;PL;;;Invalid
32649;PL50318;50.361606;18.949224;L716 km:2,632 PLK - Infra Silesia;PL50318;PL;;;Invalid
32687;PL50323;50.228316;18.976555;L864 km:0 PLK - Infra Silesia S.A.;PL50323;PL;;;Invalid
32692;PL50332;50.042882;18.492746;L877 km:,46 PLK - Infra Silesia;PL50332;PL;;;Invalid
32693;PL50333;50.045339;18.750073;L878 km:,033 PLK - JSK Sp. z o.o.;PL50333;PL;;;Invalid
32695;PL50334;50.154102;18.67597;L880 km:,544 PLK - POLHO Sp.z o.o.;PL50334;PL;;;Invalid
32694;PL50335;50.156985;18.663252;L880 km:1,522 POLHO Sp.z o.o. - PLK;PL50335;PL;;;Invalid
32696;PL50336;50.021269;19.183891;L882 km:,481 PLK - KWK Piast RuchII;PL50336;PL;;;Invalid
32697;PL50337;50.171979;19.120912;L883 km:2,734 PLK - CTL Maczki-Bór;PL50337;PL;;;Invalid
43486;PL50338;50.139681;19.12794;L884 km:,051 PLK - Nadw.Z-d Tr.Kol.;PL50338;PL;;;Invalid
32698;PL50339;50.076553;19.182769;L885 km:,103 PLK - KWK Piast Ruch I;PL50339;PL;;;Invalid
32699;PL50340;50.040828;19.294289;L886 km:,104 PLK - Rail Polska;PL50340;PL;;;Invalid
32700;PL50341;50.361268;18.956549;L887 km:,279 PLK - ZG Piekary;PL50341;PL;;;Invalid
43489;PL50342;50.372614;18.877712;L888 km:,065 PLK - Mostva;PL50342;PL;;;Invalid
32702;PL50343;50.29358;18.257407;L890 km:1,43 CTL CHEMKOL - PLK;PL50343;PL;;;Invalid
32701;PL50344;50.302197;18.248768;L890 km:,179 PLK - CTL CHEMKOL;PL50344;PL;;;Invalid
32703;PL50345;50.393437;18.155292;L891 km:,041 PLK - ZK ZDZIESZOWICE;PL50345;PL;;;Invalid
32704;PL50346;50.415998;18.132722;L891 km:3,122 ZK ZDZIESZOWICE - PLK;PL50346;PL;;;Invalid
32706;PL50347;50.285191;18.761086;L893 km:2,906 KWK Makoszowy - PLK;PL50347;PL;;;Invalid
32705;PL50348;50.27525;18.766968;L893 km:1,602 PLK - KWK Makoszowy;PL50348;PL;;;Invalid
32707;PL50349;50.259662;18.825686;L894 km:,116 PLK - KWK Halemba;PL50349;PL;;;Invalid
32708;PL50350;50.271654;18.960464;L895 km:,172 PLK - KWK KLEOFAS;PL50350;PL;;;Invalid
32709;PL50351;50.240613;18.947685;L896 km:1,205 PLK - Infra Silesia;PL50351;PL;;;Invalid
43490;PL50352;50.239068;18.965686;L897 km:,08 PLK - Infra Silesia;PL50352;PL;;;Invalid
32710;PL50353;50.218161;19.002258;L898 km:,117 PLK - Infra Silesia;PL50353;PL;;;Invalid
32711;PL50354;53.06071;21.631902;L900 km:,295 PLK - ZE Ostrołęka;PL50354;PL;;;Invalid
32712;PL50355;52.256162;21.084619;L903 km:2,239 PLK - PKP Intercity;PL50355;PL;;;Invalid
32715;PL50358;52.218645;20.960092;L919 km:3,465 PLK - PKP PR;PL50358;PL;;;Invalid
32721;PL50359;50.518837;21.669452;L933 km:,225 PLK - ZTK SIARKOPOL;PL50359;PL;;;Invalid
32724;PL50360;52.139819;20.989993;L937 km:0 PLK - PCC Rail Coaltrain;PL50360;PL;;;Invalid
32745;PL50362;50.988431;16.664865;L970 km:,161 PLK - MAJKOLTRANS;PL50362;PL;;;Invalid
32748;PL50365;51.288717;15.593035;L973 km:3,354 PLK - Z-dy Ch. WIZÓW;PL50365;PL;;;Invalid
32749;PL50366;51.127013;15.555604;L974 km:,113 PLK - Ziel.Kop.Sur.Min;PL50366;PL;;;Invalid
32751;PL50367;50.765652;16.159699;L976 km:,316 PLK - Kop.CZARNY BÓR;PL50367;PL;;;Invalid
32752;PL50368;50.571722;17.991604;L978 km:,958 PLK - CEMET S.A.;PL50368;PL;;;Invalid
32753;PL50369;50.006438;20.929937;L987 km:,085 PLK - KOLTAR;PL50369;PL;;;Invalid
32762;PL50370;53.90384;14.264631;L997 km:,142 PLK - ZMP SZCZECIN-ŚW.;PL50370;PL;;;Invalid
32763;PL50371;53.391381;14.523102;L998 km:,034 PLK - ZE DOLNA ODRA;PL50371;PL;;;Invalid
34668;RO70043;44.5649;26.0485;Odaile PO;RO70043;RO;2021-11-09 23:00:00+00:00;2099-12-31 23:00:00+00:00;Valid
35188;SEKmy;59.4176;17.9568;Kummelby;SE10294;SE;;;Invalid
51484;SETbg;59.4294;17.9475;Tureberg;SE10711;SE;;;Invalid
